elapsed_s,track,priority,recv_per_s,expected_per_s,pct,bytes_per_s,avg_latency_ms,max_gap_ms,mode
1,safety/heartbeat,0,5,10,50,85,296,386,no-priority
1,control/streaming,1,0,167,0,0,0,0,no-priority
1,control/task_status,1,1,10,10,14,67,0,no-priority
1,sensors/joints,2,28,100,28,3360,235,213,no-priority
1,sensors/force_torque,3,35,100,35,1960,273,211,no-priority
1,sensors/imu,5,1,200,0,88,23,0,no-priority
1,perception/pointcloud,10,0,5,0,0,0,0,no-priority
1,video/camera0,20,0,30,0,0,0,0,no-priority
2,safety/heartbeat,0,11,10,110,187,291,199,no-priority
2,control/streaming,1,0,167,0,0,0,0,no-priority
2,control/task_status,1,0,10,0,0,0,0,no-priority
2,sensors/joints,2,0,100,0,0,0,0,no-priority
2,sensors/force_torque,3,10,100,10,560,1095,494,no-priority
2,sensors/imu,5,0,200,0,0,0,0,no-priority
2,perception/pointcloud,10,0,5,0,0,0,0,no-priority
2,video/camera0,20,0,30,0,0,0,0,no-priority
3,safety/heartbeat,0,0,10,0,0,0,0,no-priority
3,control/streaming,1,0,167,0,0,0,0,no-priority
3,control/task_status,1,0,10,0,0,0,0,no-priority
3,sensors/joints,2,0,100,0,0,0,0,no-priority
3,sensors/force_torque,3,0,100,0,0,0,0,no-priority
3,sensors/imu,5,0,200,0,0,0,0,no-priority
3,perception/pointcloud,10,0,5,0,0,0,0,no-priority
3,video/camera0,20,0,30,0,0,0,0,no-priority
4,safety/heartbeat,0,0,10,0,0,0,0,no-priority
4,control/streaming,1,0,167,0,0,0,0,no-priority
4,control/task_status,1,0,10,0,0,0,0,no-priority
4,sensors/joints,2,0,100,0,0,0,0,no-priority
4,sensors/force_torque,3,0,100,0,0,0,0,no-priority
4,sensors/imu,5,0,200,0,0,0,0,no-priority
4,perception/pointcloud,10,0,5,0,0,0,0,no-priority
4,video/camera0,20,0,30,0,0,0,0,no-priority
5,safety/heartbeat,0,3,10,30,51,2967,2831,no-priority
5,control/streaming,1,0,167,0,0,0,0,no-priority
5,control/task_status,1,0,10,0,0,0,0,no-priority
5,sensors/joints,2,0,100,0,0,0,0,no-priority
5,sensors/force_torque,3,4,100,4,224,4346,2825,no-priority
5,sensors/imu,5,0,200,0,0,0,0,no-priority
5,perception/pointcloud,10,0,5,0,0,0,0,no-priority
5,video/camera0,20,0,30,0,0,0,0,no-priority
6,safety/heartbeat,0,5,10,50,85,2964,404,no-priority
6,control/streaming,1,0,167,0,0,0,0,no-priority
6,control/task_status,1,0,10,0,0,0,0,no-priority
6,sensors/joints,2,0,100,0,0,0,0,no-priority
6,sensors/force_torque,3,5,100,5,280,4761,234,no-priority
6,sensors/imu,5,0,200,0,0,0,0,no-priority
6,perception/pointcloud,10,0,5,0,0,0,0,no-priority
6,video/camera0,20,0,30,0,0,0,0,no-priority
7,safety/heartbeat,0,0,10,0,0,0,0,no-priority
7,control/streaming,1,0,167,0,0,0,0,no-priority
7,control/task_status,1,0,10,0,0,0,0,no-priority
7,sensors/joints,2,0,100,0,0,0,0,no-priority
7,sensors/force_torque,3,0,100,0,0,0,0,no-priority
7,sensors/imu,5,0,200,0,0,0,0,no-priority
7,perception/pointcloud,10,0,5,0,0,0,0,no-priority
7,video/camera0,20,0,30,0,0,0,0,no-priority
8,safety/heartbeat,0,0,10,0,0,0,0,no-priority
8,control/streaming,1,0,167,0,0,0,0,no-priority
8,control/task_status,1,0,10,0,0,0,0,no-priority
8,sensors/joints,2,0,100,0,0,0,0,no-priority
8,sensors/force_torque,3,0,100,0,0,0,0,no-priority
8,sensors/imu,5,0,200,0,0,0,0,no-priority
8,perception/pointcloud,10,0,5,0,0,0,0,no-priority
8,video/camera0,20,0,30,0,0,0,0,no-priority
9,safety/heartbeat,0,4,10,40,68,5950,3090,no-priority
9,control/streaming,1,0,167,0,0,0,0,no-priority
9,control/task_status,1,0,10,0,0,0,0,no-priority
9,sensors/joints,2,0,100,0,0,0,0,no-priority
9,sensors/force_torque,3,2,100,2,112,8120,3085,no-priority
9,sensors/imu,5,0,200,0,0,0,0,no-priority
9,perception/pointcloud,10,0,5,0,0,0,0,no-priority
9,video/camera0,20,0,30,0,0,0,0,no-priority
10,safety/heartbeat,0,5,10,50,85,5880,172,no-priority
10,control/streaming,1,0,167,0,0,0,0,no-priority
10,control/task_status,1,0,10,0,0,0,0,no-priority
10,sensors/joints,2,0,100,0,0,0,0,no-priority
10,sensors/force_torque,3,7,100,7,392,8507,193,no-priority
10,sensors/imu,5,0,200,0,0,0,0,no-priority
10,perception/pointcloud,10,0,5,0,0,0,0,no-priority
10,video/camera0,20,0,30,0,0,0,0,no-priority
11,safety/heartbeat,0,0,10,0,0,0,0,no-priority
11,control/streaming,1,0,167,0,0,0,0,no-priority
11,control/task_status,1,0,10,0,0,0,0,no-priority
11,sensors/joints,2,0,100,0,0,0,0,no-priority
11,sensors/force_torque,3,0,100,0,0,0,0,no-priority
11,sensors/imu,5,0,200,0,0,0,0,no-priority
11,perception/pointcloud,10,0,5,0,0,0,0,no-priority
11,video/camera0,20,0,30,0,0,0,0,no-priority
12,safety/heartbeat,0,0,10,0,0,0,0,no-priority
12,control/streaming,1,0,167,0,0,0,0,no-priority
12,control/task_status,1,0,10,0,0,0,0,no-priority
12,sensors/joints,2,0,100,0,0,0,0,no-priority
12,sensors/force_torque,3,0,100,0,0,0,0,no-priority
12,sensors/imu,5,0,200,0,0,0,0,no-priority
12,perception/pointcloud,10,0,5,0,0,0,0,no-priority
12,video/camera0,20,0,30,0,0,0,0,no-priority
13,safety/heartbeat,0,2,10,20,34,9068,3366,no-priority
13,control/streaming,1,0,167,0,0,0,0,no-priority
13,control/task_status,1,0,10,0,0,0,0,no-priority
13,sensors/joints,2,0,100,0,0,0,0,no-priority
13,sensors/force_torque,3,3,100,3,168,12074,3362,no-priority
13,sensors/imu,5,0,200,0,0,0,0,no-priority
13,perception/pointcloud,10,0,5,0,0,0,0,no-priority
13,video/camera0,20,0,30,0,0,0,0,no-priority
14,safety/heartbeat,0,3,10,30,51,9251,359,no-priority
14,control/streaming,1,0,167,0,0,0,0,no-priority
14,control/task_status,1,0,10,0,0,0,0,no-priority
14,sensors/joints,2,0,100,0,0,0,0,no-priority
14,sensors/force_torque,3,6,100,6,336,12342,169,no-priority
14,sensors/imu,5,0,200,0,0,0,0,no-priority
14,perception/pointcloud,10,0,5,0,0,0,0,no-priority
14,video/camera0,20,0,30,0,0,0,0,no-priority
15,safety/heartbeat,0,0,10,0,0,0,0,no-priority
15,control/streaming,1,0,167,0,0,0,0,no-priority
15,control/task_status,1,0,10,0,0,0,0,no-priority
15,sensors/joints,2,0,100,0,0,0,0,no-priority
15,sensors/force_torque,3,0,100,0,0,0,0,no-priority
15,sensors/imu,5,0,200,0,0,0,0,no-priority
15,perception/pointcloud,10,0,5,0,0,0,0,no-priority
15,video/camera0,20,0,30,0,0,0,0,no-priority
16,safety/heartbeat,0,0,10,0,0,0,0,no-priority
16,control/streaming,1,0,167,0,0,0,0,no-priority
16,control/task_status,1,0,10,0,0,0,0,no-priority
16,sensors/joints,2,0,100,0,0,0,0,no-priority
16,sensors/force_torque,3,0,100,0,0,0,0,no-priority
16,sensors/imu,5,0,200,0,0,0,0,no-priority
16,perception/pointcloud,10,0,5,0,0,0,0,no-priority
16,video/camera0,20,0,30,0,0,0,0,no-priority
17,safety/heartbeat,0,5,10,50,85,12378,2880,no-priority
17,control/streaming,1,0,167,0,0,0,0,no-priority
17,control/task_status,1,0,10,0,0,0,0,no-priority
17,sensors/joints,2,0,100,0,0,0,0,no-priority
17,sensors/force_torque,3,11,100,11,616,15824,2880,no-priority
17,sensors/imu,5,0,200,0,0,0,0,no-priority
17,perception/pointcloud,10,0,5,0,0,0,0,no-priority
17,video/camera0,20,0,30,0,0,0,0,no-priority
18,safety/heartbeat,0,0,10,0,0,0,0,no-priority
18,control/streaming,1,0,167,0,0,0,0,no-priority
18,control/task_status,1,0,10,0,0,0,0,no-priority
18,sensors/joints,2,0,100,0,0,0,0,no-priority
18,sensors/force_torque,3,0,100,0,0,0,0,no-priority
18,sensors/imu,5,0,200,0,0,0,0,no-priority
18,perception/pointcloud,10,0,5,0,0,0,0,no-priority
18,video/camera0,20,0,30,0,0,0,0,no-priority
19,safety/heartbeat,0,0,10,0,0,0,0,no-priority
19,control/streaming,1,0,167,0,0,0,0,no-priority
19,control/task_status,1,0,10,0,0,0,0,no-priority
19,sensors/joints,2,0,100,0,0,0,0,no-priority
19,sensors/force_torque,3,0,100,0,0,0,0,no-priority
19,sensors/imu,5,0,200,0,0,0,0,no-priority
19,perception/pointcloud,10,0,5,0,0,0,0,no-priority
19,video/camera0,20,0,30,0,0,0,0,no-priority
20,safety/heartbeat,0,0,10,0,0,0,0,no-priority
20,control/streaming,1,0,167,0,0,0,0,no-priority
20,control/task_status,1,0,10,0,0,0,0,no-priority
20,sensors/joints,2,0,100,0,0,0,0,no-priority
20,sensors/force_torque,3,0,100,0,0,0,0,no-priority
20,sensors/imu,5,0,200,0,0,0,0,no-priority
20,perception/pointcloud,10,0,5,0,0,0,0,no-priority
20,video/camera0,20,0,30,0,0,0,0,no-priority
21,safety/heartbeat,0,0,10,0,0,0,0,no-priority
21,control/streaming,1,0,167,0,0,0,0,no-priority
21,control/task_status,1,0,10,0,0,0,0,no-priority
21,sensors/joints,2,0,100,0,0,0,0,no-priority
21,sensors/force_torque,3,0,100,0,0,0,0,no-priority
21,sensors/imu,5,0,200,0,0,0,0,no-priority
21,perception/pointcloud,10,0,5,0,0,0,0,no-priority
21,video/camera0,20,0,30,0,0,0,0,no-priority
22,safety/heartbeat,0,0,10,0,0,0,0,no-priority
22,control/streaming,1,0,167,0,0,0,0,no-priority
22,control/task_status,1,0,10,0,0,0,0,no-priority
22,sensors/joints,2,0,100,0,0,0,0,no-priority
22,sensors/force_torque,3,0,100,0,0,0,0,no-priority
22,sensors/imu,5,0,200,0,0,0,0,no-priority
22,perception/pointcloud,10,0,5,0,0,0,0,no-priority
22,video/camera0,20,0,30,0,0,0,0,no-priority
23,safety/heartbeat,0,4,10,40,68,18083,5840,no-priority
23,control/streaming,1,0,167,0,0,0,0,no-priority
23,control/task_status,1,0,10,0,0,0,0,no-priority
23,sensors/joints,2,0,100,0,0,0,0,no-priority
23,sensors/force_torque,3,6,100,6,336,21884,5845,no-priority
23,sensors/imu,5,0,200,0,0,0,0,no-priority
23,perception/pointcloud,10,0,5,0,0,0,0,no-priority
23,video/camera0,20,0,30,0,0,0,0,no-priority
24,safety/heartbeat,0,3,10,30,51,18089,247,no-priority
24,control/streaming,1,0,167,0,0,0,0,no-priority
24,control/task_status,1,0,10,0,0,0,0,no-priority
24,sensors/joints,2,0,100,0,0,0,0,no-priority
24,sensors/force_torque,3,4,100,4,224,22135,122,no-priority
24,sensors/imu,5,0,200,0,0,0,0,no-priority
24,perception/pointcloud,10,0,5,0,0,0,0,no-priority
24,video/camera0,20,0,30,0,0,0,0,no-priority
25,safety/heartbeat,0,0,10,0,0,0,0,no-priority
25,control/streaming,1,0,167,0,0,0,0,no-priority
25,control/task_status,1,0,10,0,0,0,0,no-priority
25,sensors/joints,2,0,100,0,0,0,0,no-priority
25,sensors/force_torque,3,0,100,0,0,0,0,no-priority
25,sensors/imu,5,0,200,0,0,0,0,no-priority
25,perception/pointcloud,10,0,5,0,0,0,0,no-priority
25,video/camera0,20,0,30,0,0,0,0,no-priority
26,safety/heartbeat,0,0,10,0,0,0,0,no-priority
26,control/streaming,1,0,167,0,0,0,0,no-priority
26,control/task_status,1,0,10,0,0,0,0,no-priority
26,sensors/joints,2,0,100,0,0,0,0,no-priority
26,sensors/force_torque,3,0,100,0,0,0,0,no-priority
26,sensors/imu,5,0,200,0,0,0,0,no-priority
26,perception/pointcloud,10,0,5,0,0,0,0,no-priority
26,video/camera0,20,0,30,0,0,0,0,no-priority
27,safety/heartbeat,0,4,10,40,68,21223,3301,no-priority
27,control/streaming,1,0,167,0,0,0,0,no-priority
27,control/task_status,1,0,10,0,0,0,0,no-priority
27,sensors/joints,2,0,100,0,0,0,0,no-priority
27,sensors/force_torque,3,4,100,4,224,25599,3301,no-priority
27,sensors/imu,5,0,200,0,0,0,0,no-priority
27,perception/pointcloud,10,0,5,0,0,0,0,no-priority
27,video/camera0,20,0,30,0,0,0,0,no-priority
28,safety/heartbeat,0,6,10,60,102,21302,312,no-priority
28,control/streaming,1,0,167,0,0,0,0,no-priority
28,control/task_status,1,0,10,0,0,0,0,no-priority
28,sensors/joints,2,0,100,0,0,0,0,no-priority
28,sensors/force_torque,3,7,100,7,392,26245,307,no-priority
28,sensors/imu,5,0,200,0,0,0,0,no-priority
28,perception/pointcloud,10,0,5,0,0,0,0,no-priority
28,video/camera0,20,0,30,0,0,0,0,no-priority
29,safety/heartbeat,0,0,10,0,0,0,0,no-priority
29,control/streaming,1,0,167,0,0,0,0,no-priority
29,control/task_status,1,0,10,0,0,0,0,no-priority
29,sensors/joints,2,0,100,0,0,0,0,no-priority
29,sensors/force_torque,3,0,100,0,0,0,0,no-priority
29,sensors/imu,5,0,200,0,0,0,0,no-priority
29,perception/pointcloud,10,0,5,0,0,0,0,no-priority
29,video/camera0,20,0,30,0,0,0,0,no-priority
30,safety/heartbeat,0,0,10,0,0,0,0,no-priority
30,control/streaming,1,0,167,0,0,0,0,no-priority
30,control/task_status,1,0,10,0,0,0,0,no-priority
30,sensors/joints,2,0,100,0,0,0,0,no-priority
30,sensors/force_torque,3,0,100,0,0,0,0,no-priority
30,sensors/imu,5,0,200,0,0,0,0,no-priority
30,perception/pointcloud,10,0,5,0,0,0,0,no-priority
30,video/camera0,20,0,30,0,0,0,0,no-priority
31,safety/heartbeat,0,3,10,30,51,24363,3053,no-priority
31,control/streaming,1,0,167,0,0,0,0,no-priority
31,control/task_status,1,0,10,0,0,0,0,no-priority
31,sensors/joints,2,0,100,0,0,0,0,no-priority
31,sensors/force_torque,3,5,100,5,280,29447,2883,no-priority
31,sensors/imu,5,0,200,0,0,0,0,no-priority
31,perception/pointcloud,10,0,5,0,0,0,0,no-priority
31,video/camera0,20,0,30,0,0,0,0,no-priority
32,safety/heartbeat,0,8,10,80,136,24546,297,no-priority
32,control/streaming,1,0,167,0,0,0,0,no-priority
32,control/task_status,1,0,10,0,0,0,0,no-priority
32,sensors/joints,2,0,100,0,0,0,0,no-priority
32,sensors/force_torque,3,9,100,9,504,30106,296,no-priority
32,sensors/imu,5,0,200,0,0,0,0,no-priority
32,perception/pointcloud,10,0,5,0,0,0,0,no-priority
32,video/camera0,20,0,30,0,0,0,0,no-priority
33,safety/heartbeat,0,0,10,0,0,0,0,no-priority
33,control/streaming,1,0,167,0,0,0,0,no-priority
33,control/task_status,1,0,10,0,0,0,0,no-priority
33,sensors/joints,2,0,100,0,0,0,0,no-priority
33,sensors/force_torque,3,0,100,0,0,0,0,no-priority
33,sensors/imu,5,0,200,0,0,0,0,no-priority
33,perception/pointcloud,10,0,5,0,0,0,0,no-priority
33,video/camera0,20,0,30,0,0,0,0,no-priority
34,safety/heartbeat,0,0,10,0,0,0,0,no-priority
34,control/streaming,1,0,167,0,0,0,0,no-priority
34,control/task_status,1,0,10,0,0,0,0,no-priority
34,sensors/joints,2,0,100,0,0,0,0,no-priority
34,sensors/force_torque,3,0,100,0,0,0,0,no-priority
34,sensors/imu,5,0,200,0,0,0,0,no-priority
34,perception/pointcloud,10,0,5,0,0,0,0,no-priority
34,video/camera0,20,0,30,0,0,0,0,no-priority
35,safety/heartbeat,0,0,10,0,0,0,0,no-priority
35,control/streaming,1,0,167,0,0,0,0,no-priority
35,control/task_status,1,0,10,0,0,0,0,no-priority
35,sensors/joints,2,0,100,0,0,0,0,no-priority
35,sensors/force_torque,3,0,100,0,0,0,0,no-priority
35,sensors/imu,5,0,200,0,0,0,0,no-priority
35,perception/pointcloud,10,0,5,0,0,0,0,no-priority
35,video/camera0,20,0,30,0,0,0,0,no-priority
36,safety/heartbeat,0,0,10,0,0,0,0,no-priority
36,control/streaming,1,0,167,0,0,0,0,no-priority
36,control/task_status,1,0,10,0,0,0,0,no-priority
36,sensors/joints,2,0,100,0,0,0,0,no-priority
36,sensors/force_torque,3,0,100,0,0,0,0,no-priority
36,sensors/imu,5,0,200,0,0,0,0,no-priority
36,perception/pointcloud,10,0,5,0,0,0,0,no-priority
36,video/camera0,20,0,30,0,0,0,0,no-priority
37,safety/heartbeat,0,0,10,0,0,0,0,no-priority
37,control/streaming,1,0,167,0,0,0,0,no-priority
37,control/task_status,1,0,10,0,0,0,0,no-priority
37,sensors/joints,2,0,100,0,0,0,0,no-priority
37,sensors/force_torque,3,0,100,0,0,0,0,no-priority
37,sensors/imu,5,0,200,0,0,0,0,no-priority
37,perception/pointcloud,10,0,5,0,0,0,0,no-priority
37,video/camera0,20,0,30,0,0,0,0,no-priority
38,safety/heartbeat,0,0,10,0,0,0,0,no-priority
38,control/streaming,1,0,167,0,0,0,0,no-priority
38,control/task_status,1,0,10,0,0,0,0,no-priority
38,sensors/joints,2,0,100,0,0,0,0,no-priority
38,sensors/force_torque,3,0,100,0,0,0,0,no-priority
38,sensors/imu,5,0,200,0,0,0,0,no-priority
38,perception/pointcloud,10,0,5,0,0,0,0,no-priority
38,video/camera0,20,0,30,0,0,0,0,no-priority
39,safety/heartbeat,0,1,10,10,17,31511,7132,no-priority
39,control/streaming,1,0,167,0,0,0,0,no-priority
39,control/task_status,1,0,10,0,0,0,0,no-priority
39,sensors/joints,2,0,100,0,0,0,0,no-priority
39,sensors/force_torque,3,3,100,3,168,37597,7132,no-priority
39,sensors/imu,5,0,200,0,0,0,0,no-priority
39,perception/pointcloud,10,0,5,0,0,0,0,no-priority
39,video/camera0,20,0,30,0,0,0,0,no-priority
40,safety/heartbeat,0,0,10,0,0,0,0,no-priority
40,control/streaming,1,0,167,0,0,0,0,no-priority
40,control/task_status,1,0,10,0,0,0,0,no-priority
40,sensors/joints,2,0,100,0,0,0,0,no-priority
40,sensors/force_torque,3,0,100,0,0,0,0,no-priority
40,sensors/imu,5,0,200,0,0,0,0,no-priority
40,perception/pointcloud,10,0,5,0,0,0,0,no-priority
40,video/camera0,20,0,30,0,0,0,0,no-priority
41,safety/heartbeat,0,4,10,40,68,32765,1265,no-priority
41,control/streaming,1,0,167,0,0,0,0,no-priority
41,control/task_status,1,0,10,0,0,0,0,no-priority
41,sensors/joints,2,0,100,0,0,0,0,no-priority
41,sensors/force_torque,3,3,100,3,168,38986,1250,no-priority
41,sensors/imu,5,0,200,0,0,0,0,no-priority
41,perception/pointcloud,10,0,5,0,0,0,0,no-priority
41,video/camera0,20,0,30,0,0,0,0,no-priority
42,safety/heartbeat,0,14,10,140,238,32980,591,no-priority
42,control/streaming,1,0,167,0,0,0,0,no-priority
42,control/task_status,1,0,10,0,0,0,0,no-priority
42,sensors/joints,2,0,100,0,0,0,0,no-priority
42,sensors/force_torque,3,16,100,16,896,24618,590,no-priority
42,sensors/imu,5,0,200,0,0,0,0,no-priority
42,perception/pointcloud,10,0,5,0,0,0,0,no-priority
42,video/camera0,20,0,30,0,0,0,0,no-priority
43,safety/heartbeat,0,2,10,20,34,32803,283,no-priority
43,control/streaming,1,0,167,0,0,0,0,no-priority
43,control/task_status,1,0,10,0,0,0,0,no-priority
43,sensors/joints,2,0,100,0,0,0,0,no-priority
43,sensors/force_torque,3,0,100,0,0,0,0,no-priority
43,sensors/imu,5,0,200,0,0,0,0,no-priority
43,perception/pointcloud,10,0,5,0,0,0,0,no-priority
43,video/camera0,20,0,30,0,0,0,0,no-priority
44,safety/heartbeat,0,0,10,0,0,0,0,no-priority
44,control/streaming,1,0,167,0,0,0,0,no-priority
44,control/task_status,1,0,10,0,0,0,0,no-priority
44,sensors/joints,2,0,100,0,0,0,0,no-priority
44,sensors/force_torque,3,0,100,0,0,0,0,no-priority
44,sensors/imu,5,0,200,0,0,0,0,no-priority
44,perception/pointcloud,10,0,5,0,0,0,0,no-priority
44,video/camera0,20,0,30,0,0,0,0,no-priority
45,safety/heartbeat,0,0,10,0,0,0,0,no-priority
45,control/streaming,1,0,167,0,0,0,0,no-priority
45,control/task_status,1,0,10,0,0,0,0,no-priority
45,sensors/joints,2,0,100,0,0,0,0,no-priority
45,sensors/force_torque,3,0,100,0,0,0,0,no-priority
45,sensors/imu,5,0,200,0,0,0,0,no-priority
45,perception/pointcloud,10,0,5,0,0,0,0,no-priority
45,video/camera0,20,0,30,0,0,0,0,no-priority
46,safety/heartbeat,0,0,10,0,0,0,0,no-priority
46,control/streaming,1,0,167,0,0,0,0,no-priority
46,control/task_status,1,0,10,0,0,0,0,no-priority
46,sensors/joints,2,0,100,0,0,0,0,no-priority
46,sensors/force_torque,3,0,100,0,0,0,0,no-priority
46,sensors/imu,5,0,200,0,0,0,0,no-priority
46,perception/pointcloud,10,0,5,0,0,0,0,no-priority
46,video/camera0,20,0,30,0,0,0,0,no-priority
47,safety/heartbeat,0,0,10,0,0,0,0,no-priority
47,control/streaming,1,0,167,0,0,0,0,no-priority
47,control/task_status,1,0,10,0,0,0,0,no-priority
47,sensors/joints,2,0,100,0,0,0,0,no-priority
47,sensors/force_torque,3,0,100,0,0,0,0,no-priority
47,sensors/imu,5,0,200,0,0,0,0,no-priority
47,perception/pointcloud,10,0,5,0,0,0,0,no-priority
47,video/camera0,20,0,30,0,0,0,0,no-priority
48,safety/heartbeat,0,0,10,0,0,0,0,no-priority
48,control/streaming,1,0,167,0,0,0,0,no-priority
48,control/task_status,1,0,10,0,0,0,0,no-priority
48,sensors/joints,2,0,100,0,0,0,0,no-priority
48,sensors/force_torque,3,0,100,0,0,0,0,no-priority
48,sensors/imu,5,0,200,0,0,0,0,no-priority
48,perception/pointcloud,10,0,5,0,0,0,0,no-priority
48,video/camera0,20,0,30,0,0,0,0,no-priority
49,safety/heartbeat,0,3,10,30,51,38905,6149,no-priority
49,control/streaming,1,0,167,0,0,0,0,no-priority
49,control/task_status,1,0,10,0,0,0,0,no-priority
49,sensors/joints,2,0,100,0,0,0,0,no-priority
49,sensors/force_torque,3,2,100,2,112,20752,6314,no-priority
49,sensors/imu,5,0,200,0,0,0,0,no-priority
49,perception/pointcloud,10,0,5,0,0,0,0,no-priority
49,video/camera0,20,0,30,0,0,0,0,no-priority
50,safety/heartbeat,0,0,10,0,0,0,0,no-priority
50,control/streaming,1,0,167,0,0,0,0,no-priority
50,control/task_status,1,0,10,0,0,0,0,no-priority
50,sensors/joints,2,0,100,0,0,0,0,no-priority
50,sensors/force_torque,3,0,100,0,0,0,0,no-priority
50,sensors/imu,5,0,200,0,0,0,0,no-priority
50,perception/pointcloud,10,0,5,0,0,0,0,no-priority
50,video/camera0,20,0,30,0,0,0,0,no-priority
51,safety/heartbeat,0,4,10,40,68,40535,1480,no-priority
51,control/streaming,1,0,167,0,0,0,0,no-priority
51,control/task_status,1,0,10,0,0,0,0,no-priority
51,sensors/joints,2,0,100,0,0,0,0,no-priority
51,sensors/force_torque,3,4,100,4,224,22791,1845,no-priority
51,sensors/imu,5,0,200,0,0,0,0,no-priority
51,perception/pointcloud,10,0,5,0,0,0,0,no-priority
51,video/camera0,20,0,30,0,0,0,0,no-priority
52,safety/heartbeat,0,6,10,60,102,41292,747,no-priority
52,control/streaming,1,0,167,0,0,0,0,no-priority
52,control/task_status,1,0,10,0,0,0,0,no-priority
52,sensors/joints,2,0,100,0,0,0,0,no-priority
52,sensors/force_torque,3,5,100,5,280,24080,736,no-priority
52,sensors/imu,5,0,200,0,0,0,0,no-priority
52,perception/pointcloud,10,0,5,0,0,0,0,no-priority
52,video/camera0,20,0,30,0,0,0,0,no-priority
53,safety/heartbeat,0,5,10,50,85,41309,304,no-priority
53,control/streaming,1,0,167,0,0,0,0,no-priority
53,control/task_status,1,0,10,0,0,0,0,no-priority
53,sensors/joints,2,0,100,0,0,0,0,no-priority
53,sensors/force_torque,3,8,100,8,448,24603,307,no-priority
53,sensors/imu,5,0,200,0,0,0,0,no-priority
53,perception/pointcloud,10,0,5,0,0,0,0,no-priority
53,video/camera0,20,0,30,0,0,0,0,no-priority
54,safety/heartbeat,0,0,10,0,0,0,0,no-priority
54,control/streaming,1,0,167,0,0,0,0,no-priority
54,control/task_status,1,0,10,0,0,0,0,no-priority
54,sensors/joints,2,0,100,0,0,0,0,no-priority
54,sensors/force_torque,3,0,100,0,0,0,0,no-priority
54,sensors/imu,5,0,200,0,0,0,0,no-priority
54,perception/pointcloud,10,0,5,0,0,0,0,no-priority
54,video/camera0,20,0,30,0,0,0,0,no-priority
55,safety/heartbeat,0,0,10,0,0,0,0,no-priority
55,control/streaming,1,0,167,0,0,0,0,no-priority
55,control/task_status,1,0,10,0,0,0,0,no-priority
55,sensors/joints,2,0,100,0,0,0,0,no-priority
55,sensors/force_torque,3,0,100,0,0,0,0,no-priority
55,sensors/imu,5,0,200,0,0,0,0,no-priority
55,perception/pointcloud,10,0,5,0,0,0,0,no-priority
55,video/camera0,20,0,30,0,0,0,0,no-priority
56,safety/heartbeat,0,0,10,0,0,0,0,no-priority
56,control/streaming,1,0,167,0,0,0,0,no-priority
56,control/task_status,1,0,10,0,0,0,0,no-priority
56,sensors/joints,2,0,100,0,0,0,0,no-priority
56,sensors/force_torque,3,0,100,0,0,0,0,no-priority
56,sensors/imu,5,0,200,0,0,0,0,no-priority
56,perception/pointcloud,10,0,5,0,0,0,0,no-priority
56,video/camera0,20,0,30,0,0,0,0,no-priority
57,safety/heartbeat,0,0,10,0,0,0,0,no-priority
57,control/streaming,1,0,167,0,0,0,0,no-priority
57,control/task_status,1,0,10,0,0,0,0,no-priority
57,sensors/joints,2,0,100,0,0,0,0,no-priority
57,sensors/force_torque,3,0,100,0,0,0,0,no-priority
57,sensors/imu,5,0,200,0,0,0,0,no-priority
57,perception/pointcloud,10,0,5,0,0,0,0,no-priority
57,video/camera0,20,0,30,0,0,0,0,no-priority
58,safety/heartbeat,0,0,10,0,0,0,0,no-priority
58,control/streaming,1,0,167,0,0,0,0,no-priority
58,control/task_status,1,0,10,0,0,0,0,no-priority
58,sensors/joints,2,0,100,0,0,0,0,no-priority
58,sensors/force_torque,3,0,100,0,0,0,0,no-priority
58,sensors/imu,5,0,200,0,0,0,0,no-priority
58,perception/pointcloud,10,0,5,0,0,0,0,no-priority
58,video/camera0,20,0,30,0,0,0,0,no-priority
59,safety/heartbeat,0,2,10,20,34,47455,6187,no-priority
59,control/streaming,1,0,167,0,0,0,0,no-priority
59,control/task_status,1,0,10,0,0,0,0,no-priority
59,sensors/joints,2,0,100,0,0,0,0,no-priority
59,sensors/force_torque,3,2,100,2,112,31041,6171,no-priority
59,sensors/imu,5,0,200,0,0,0,0,no-priority
59,perception/pointcloud,10,0,5,0,0,0,0,no-priority
59,video/camera0,20,0,30,0,0,0,0,no-priority
60,safety/heartbeat,0,0,10,0,0,0,0,no-priority
60,control/streaming,1,0,167,0,0,0,0,no-priority
60,control/task_status,1,0,10,0,0,0,0,no-priority
60,sensors/joints,2,0,100,0,0,0,0,no-priority
60,sensors/force_torque,3,1,100,1,56,31489,360,no-priority
60,sensors/imu,5,0,200,0,0,0,0,no-priority
60,perception/pointcloud,10,0,5,0,0,0,0,no-priority
60,video/camera0,20,0,30,0,0,0,0,no-priority
61,safety/heartbeat,0,2,10,20,34,49214,1951,no-priority
61,control/streaming,1,0,167,0,0,0,0,no-priority
61,control/task_status,1,0,10,0,0,0,0,no-priority
61,sensors/joints,2,0,100,0,0,0,0,no-priority
61,sensors/force_torque,3,2,100,2,112,32883,1409,no-priority
61,sensors/imu,5,0,200,0,0,0,0,no-priority
61,perception/pointcloud,10,0,5,0,0,0,0,no-priority
61,video/camera0,20,0,30,0,0,0,0,no-priority
62,safety/heartbeat,0,4,10,40,68,49672,619,no-priority
62,control/streaming,1,0,167,0,0,0,0,no-priority
62,control/task_status,1,0,10,0,0,0,0,no-priority
62,sensors/joints,2,0,100,0,0,0,0,no-priority
62,sensors/force_torque,3,4,100,4,224,33560,619,no-priority
62,sensors/imu,5,0,200,0,0,0,0,no-priority
62,perception/pointcloud,10,0,5,0,0,0,0,no-priority
62,video/camera0,20,0,30,0,0,0,0,no-priority
63,safety/heartbeat,0,8,10,80,136,49973,316,no-priority
63,control/streaming,1,0,167,0,0,0,0,no-priority
63,control/task_status,1,0,10,0,0,0,0,no-priority
63,sensors/joints,2,0,100,0,0,0,0,no-priority
63,sensors/force_torque,3,10,100,10,560,34689,504,no-priority
63,sensors/imu,5,0,200,0,0,0,0,no-priority
63,perception/pointcloud,10,0,5,0,0,0,0,no-priority
63,video/camera0,20,0,30,0,0,0,0,no-priority
